<?xml version="1.0" encoding="UTF-8"?>
<metadata xml:lang="en"><Esri><CreaDate>20141114</CreaDate><CreaTime>13543700</CreaTime><SyncOnce>FALSE</SyncOnce><SyncDate>20090727</SyncDate><SyncTime>13511200</SyncTime><ModDate>20090727</ModDate><ModTime>13511200</ModTime><ArcGISFormat>1.0</ArcGISFormat><DataProperties><itemProps><itemLocation><linkage Sync="TRUE">file://\\120836L\C$\Temp\OpenStreetMap\OSM_Data.gdb</linkage><protocol Sync="TRUE">Local Area Network</protocol></itemLocation></itemProps></DataProperties></Esri><idinfo><citation><citeinfo><onlink Sync="TRUE">Server=gissde; Service=5653; Database=PublicWorks; User=norfolk\mdubaj; Version=GISNORFOLK.Surveys</onlink><origin>Michael Baker, Inc.</origin><pubdate>May 2008</pubdate><title Sync="TRUE">Publicworks.GISNORFOLK.Buildings</title><ftname Sync="TRUE">Publicworks.GISNORFOLK.Buildings</ftname><geoform Sync="TRUE">vector digital data</geoform><edition>1st edition</edition><pubinfo><pubplace>Norfolk, VA</pubplace><publish>City of Norfolk</publish></pubinfo></citeinfo></citation><native Sync="TRUE">Microsoft Windows XP Version 5.1 (Build 2600) Service Pack 3; ESRI ArcCatalog 9.2.6.1500</native><descript><langdata Sync="TRUE">en</langdata><abstract>This coverage contains residential, commercial, industrial buildings; garages, rail stations, water towers, storage tanks, other structures, and buildings under construction.</abstract><purpose>To represent as accurately as possible the residential, commercial, industrial buildings; garages, rail stations, water towers, storage tanks, other structures, and buildings under construction within the City of Norfolk</purpose><supplinf>See Distribution Liability</supplinf></descript><timeperd><current>Current to 2006 Orthophotos</current><timeinfo><sngdate><caldate>May 2008</caldate></sngdate></timeinfo></timeperd><status><progress>Complete</progress><update>Continually</update></status><spdom><bounding><westbc Sync="TRUE">-76.336551</westbc><eastbc Sync="TRUE">-76.174112</eastbc><northbc Sync="TRUE">36.969418</northbc><southbc Sync="TRUE">36.819899</southbc></bounding><lboundng><leftbc Sync="TRUE">12116114.598938</leftbc><rightbc Sync="TRUE">12162361.079935</rightbc><bottombc Sync="TRUE">3466340.799944</bottombc><topbc Sync="TRUE">3519693.900978</topbc></lboundng></spdom><keywords><theme><themekt>REQUIRED: Reference to a formally registered thesaurus or a similar authoritative source of theme keywords.</themekt><themekey>Buildings,footprints</themekey></theme><place><placekey>Norfolk,Hampton Roads,Virginia,Tidewater</placekey></place></keywords><accconst>Data will be made available free of charge for all internal uses and for those companies with contracts is good standing with the City of Norfolk.  All others are required to purchase the data from the City of Norfolk, Department of Public Works, Surveys Division.</accconst><useconst>Any and all data sets are for graphical representation only and should not be used for legal purposes.  Any determination of topography or contours, or any depiction of physical improvements, property lines or boundaries is for general information only and shall not be used for the design, modification, or construction of improvements to real property or for flood plain determination.</useconst><natvform Sync="TRUE">SDE Feature Class</natvform><ptcontac><cntinfo><cntvoice>757-664-4500</cntvoice><cntfax>757-664-4567</cntfax><cntemail>gis@norfolk.gov</cntemail><hours>Monday-Friday, 8am to 5pm</hours><cntorgp><cntorg>City of Norfolk</cntorg><cntper>GIS Team</cntper></cntorgp><cntaddr><addrtype>mailing and physical address</addrtype><address>401 Monticello Avenue</address><city>Norfolk</city><state>VA</state><postal>23510</postal><country>USA</country></cntaddr><cntinst>By phone or by e-mail</cntinst></cntinfo></ptcontac><datacred>Data collected and compiled by Analytical Surveys, Inc. of Colorado Springs, Colorado and maintained as needed by the City of Norfolk.</datacred></idinfo><distInfo><distributor><distorTran><onLineSrc><linkage Sync="TRUE">Server=gissde; Service=5653; Database=PublicWorks; User=norfolk\mdubaj; Version=GISNORFOLK.Surveys</linkage><protocol Sync="TRUE">ArcSDE Connection</protocol><orDesc Sync="TRUE">002</orDesc></onLineSrc><transSize Sync="TRUE">40.680</transSize></distorTran><distorFormat><formatName Sync="TRUE">SDE Feature Class</formatName></distorFormat></distributor></distInfo><dataqual><lineage><procstep><procdesc Sync="TRUE">Dataset copied.</procdesc><srcused Sync="TRUE">x:\wrkarea\gis\cari\footprint_updates\buildings</srcused><date Sync="TRUE">20040701</date><time Sync="TRUE">12234900</time></procstep><procstep><procdesc Sync="TRUE">Dataset copied.</procdesc><srcused Sync="TRUE">x:\gisdata\planimet\buildings</srcused><date Sync="TRUE">20050311</date><time Sync="TRUE">15011200</time></procstep><procstep><procdesc Sync="TRUE">Dataset copied.</procdesc><srcused Sync="TRUE">c:\workspace\buildings</srcused><date Sync="TRUE">20050324</date><time Sync="TRUE">08040200</time></procstep><srcinfo><srccite><citeinfo><origin>Analytical Surveys, Inc.</origin><pubdate>March 15, 2000</pubdate><title>Buildings</title><onlink>\\gissrv1\gisdata\gisdata\planimet\buildings</onlink></citeinfo></srccite><srcscale>100</srcscale><typesrc>digital tape media</typesrc><srctime><timeinfo><sngdate><caldate>July 2003</caldate></sngdate></timeinfo><srccurr>publication date</srccurr></srctime></srcinfo><procstep><procdesc Sync="TRUE">Metadata imported.</procdesc><srcused Sync="TRUE">X:\Wrkarea\GIS\Cari\XML files\buildings.xml</srcused><date Sync="TRUE">20080516</date><time Sync="TRUE">12195600</time></procstep></lineage><logic>ESRI Feature Type: Simple
Geometry: Polygon 
</logic><complete>Data set has been visually inspected.  All data produced strives to meet National Mapping Accuracy Standards (NMAS).</complete></dataqual><dataIdInfo><envirDesc Sync="TRUE">Microsoft Windows XP Version 5.1 (Build 2600) Service Pack 3; ESRI ArcCatalog 9.2.6.1500</envirDesc><dataLang><languageCode Sync="TRUE" value="en"/></dataLang><idCitation><resTitle Sync="TRUE">Publicworks.GISNORFOLK.Buildings</resTitle><presForm><PresFormCd Sync="TRUE" value="005"/></presForm></idCitation><spatRpType><SpatRepTypCd Sync="TRUE" value="001"/></spatRpType><dataExt><geoEle><GeoBndBox esriExtentType="native"><westBL Sync="TRUE">12116114.598938</westBL><eastBL Sync="TRUE">12162361.079935</eastBL><northBL Sync="TRUE">3519693.900978</northBL><southBL Sync="TRUE">3466340.799944</southBL><exTypeCode Sync="TRUE">1</exTypeCode></GeoBndBox></geoEle></dataExt><geoBox esriExtentType="decdegrees"><westBL Sync="TRUE">-76.336551</westBL><eastBL Sync="TRUE">-76.174112</eastBL><northBL Sync="TRUE">36.969418</northBL><southBL Sync="TRUE">36.819899</southBL><exTypeCode Sync="TRUE">1</exTypeCode></geoBox></dataIdInfo><metainfo><langmeta Sync="TRUE">en</langmeta><metstdn Sync="TRUE">FGDC Content Standards for Digital Geospatial Metadata</metstdn><metstdv Sync="TRUE">FGDC-STD-001-1998</metstdv><mettc Sync="TRUE">local time</mettc><metc><cntinfo><cntorgp><cntper>REQUIRED: The person responsible for the metadata information.</cntper><cntorg>REQUIRED: The organization responsible for the metadata information.</cntorg></cntorgp><cntaddr><addrtype>REQUIRED: The mailing and/or physical address for the organization or individual.</addrtype><city>REQUIRED: The city of the address.</city><state>REQUIRED: The state or province of the address.</state><postal>REQUIRED: The ZIP or other postal code of the address.</postal></cntaddr><cntvoice>REQUIRED: The telephone number by which individuals can speak to the organization or individual.</cntvoice></cntinfo></metc><metd Sync="TRUE">20090727</metd><metextns><onlink Sync="TRUE">http://www.esri.com/metadata/esriprof80.html</onlink><metprof Sync="TRUE">ESRI Metadata Profile</metprof></metextns></metainfo><mdLang><languageCode Sync="TRUE" value="en"/></mdLang><mdStanName Sync="TRUE">ISO 19115 Geographic Information - Metadata</mdStanName><mdStanVer Sync="TRUE">DIS_ESRI1.0</mdStanVer><mdChar><CharSetCd Sync="TRUE" value="004"/></mdChar><mdHrLv><ScopeCd Sync="TRUE" value="005"/></mdHrLv><mdHrLvName Sync="TRUE">dataset</mdHrLvName><distinfo><resdesc>Downloadable Data is standard for all internal uses. External use is deliverable by cd or ftp:</resdesc><stdorder><digform><digtinfo><transize Sync="TRUE">40.680</transize><dssize Sync="TRUE">40.680</dssize></digtinfo></digform><fees>As prices vary per data set please see: http://gis.norfolk.gov/ for further information. Select purchase information from the menu.</fees><ordering>Contact the City of Norfolk, Department of Public Works, Division of Surveys 757-664-4671.</ordering><turnarnd>Varies</turnarnd></stdorder><distrib><cntinfo><cntorgp><cntorg>City of Norfolk</cntorg><cntper>GIS Team</cntper></cntorgp><cntvoice>757-664-4500</cntvoice><cntfax>757-664-4567</cntfax><cntemail>gis@norfolk.gov</cntemail><hours>Monday-Friday, 8am to 5pm</hours><cntinst>By phone or by e-mail</cntinst></cntinfo></distrib><distliab>The information is believed accurate and reasonable efforts have been made to ensure the accuracy of the data.  However, the City of Norfolk expressly disclaims responsibility for damages or liabilities that may arise from this data. This product is the property of the City of Norfolk and its use is thereby restricted.</distliab><custom>Please contact the City of Norfolk Public Works Department, Division of Surveys. 757-664-4671</custom></distinfo><spdoinfo><direct Sync="TRUE">Vector</direct><ptvctinf><esriterm Name="Publicworks.GISNORFOLK.Buildings"><efeatyp Sync="TRUE">Simple</efeatyp><efeageom Sync="TRUE">Polygon</efeageom><esritopo Sync="TRUE">FALSE</esritopo><efeacnt Sync="TRUE">92064</efeacnt><spindex Sync="TRUE">TRUE</spindex><linrefer Sync="TRUE">FALSE</linrefer></esriterm><sdtsterm Name="Publicworks.GISNORFOLK.Buildings"><sdtstype Sync="TRUE">G-polygon</sdtstype><ptvctcnt Sync="TRUE">92064</ptvctcnt></sdtsterm><esriterm Name="label"><efeatyp Sync="TRUE">Simple</efeatyp><efeageom Sync="TRUE">Label</efeageom><esritopo Sync="TRUE">FALSE</esritopo><efeacnt Sync="TRUE">87748</efeacnt><spindex Sync="TRUE">FALSE</spindex><linrefer Sync="TRUE">FALSE</linrefer></esriterm><sdtsterm Name="label"><sdtstype Sync="TRUE">Label point</sdtstype><ptvctcnt Sync="TRUE">87748</ptvctcnt></sdtsterm><esriterm Name="polygon"><efeatyp Sync="TRUE">Simple</efeatyp><efeageom Sync="TRUE">Polygon</efeageom><esritopo Sync="TRUE">TRUE</esritopo><efeacnt Sync="TRUE">87762</efeacnt><spindex Sync="TRUE">TRUE</spindex><linrefer Sync="TRUE">FALSE</linrefer></esriterm><sdtsterm Name="polygon"><sdtstype Sync="TRUE">GT-polygon composed of chains</sdtstype><ptvctcnt Sync="TRUE">87762</ptvctcnt></sdtsterm><esriterm Name="tic"><efeatyp Sync="TRUE">Simple</efeatyp><efeageom Sync="TRUE">Tic</efeageom><esritopo Sync="TRUE">FALSE</esritopo><efeacnt Sync="TRUE">4</efeacnt><spindex Sync="TRUE">FALSE</spindex><linrefer Sync="TRUE">FALSE</linrefer></esriterm><sdtsterm Name="tic"><sdtstype Sync="TRUE">Point</sdtstype><ptvctcnt Sync="TRUE">4</ptvctcnt></sdtsterm></ptvctinf></spdoinfo><spref><horizsys><cordsysn><geogcsn Sync="TRUE">GCS_North_American_1983</geogcsn><projcsn Sync="TRUE">NAD_1983_StatePlane_Virginia_South_FIPS_4502_Feet</projcsn></cordsysn><planar><planci><plance Sync="TRUE">coordinate pair</plance><plandu Sync="TRUE">survey feet</plandu><coordrep><absres Sync="TRUE">0.000079</absres><ordres Sync="TRUE">0.000079</ordres></coordrep></planci><mapproj><mapprojn Sync="TRUE">Lambert Conformal Conic</mapprojn><lambertc><stdparll Sync="TRUE">36.766667</stdparll><stdparll Sync="TRUE">37.966667</stdparll><longcm Sync="TRUE">-78.500000</longcm><latprjo Sync="TRUE">36.333333</latprjo><feast Sync="TRUE">11482916.666667</feast><fnorth Sync="TRUE">3280833.333333</fnorth></lambertc></mapproj></planar><geodetic><horizdn Sync="TRUE">North American Datum of 1983</horizdn><ellips Sync="TRUE">Geodetic Reference System 80</ellips><semiaxis Sync="TRUE">6378137.000000</semiaxis><denflat Sync="TRUE">298.257222</denflat></geodetic></horizsys><vertdef><altsys><altenc Sync="TRUE">Explicit elevation coordinate included with horizontal coordinates</altenc><altres Sync="TRUE">1.000000</altres></altsys></vertdef></spref><refSysInfo><RefSystem><refSysID><identCode Sync="TRUE">NAD_1983_StatePlane_Virginia_South_FIPS_4502_Feet</identCode></refSysID></RefSystem></refSysInfo><spatRepInfo><VectSpatRep><topLvl><TopoLevCd Sync="TRUE" value="001"/></topLvl><geometObjs Name="Publicworks.GISNORFOLK.Buildings"><geoObjTyp><GeoObjTypCd Sync="TRUE" value="001"/></geoObjTyp><geoObjCnt Sync="TRUE">92064</geoObjCnt></geometObjs></VectSpatRep></spatRepInfo><eainfo><detailed Name="Publicworks.GISNORFOLK.Buildings"><enttyp><enttypl Sync="TRUE">Publicworks.GISNORFOLK.Buildings</enttypl><enttypt Sync="TRUE">Feature Class</enttypt><enttypc Sync="TRUE">92064</enttypc></enttyp><attr><attrlabl Sync="TRUE">Shape</attrlabl><attalias Sync="TRUE">Shape</attalias><attrtype Sync="TRUE">Geometry</attrtype><attwidth Sync="TRUE">0</attwidth><atprecis Sync="TRUE">0</atprecis><attscale Sync="TRUE">0</attscale><attrdef Sync="TRUE">Feature geometry.</attrdef><attrdefs Sync="TRUE">ESRI</attrdefs><attrdomv><udom Sync="TRUE">Coordinates defining the features.</udom></attrdomv></attr><attr><attrlabl Sync="TRUE">OBJECTID</attrlabl><attwidth Sync="TRUE">4</attwidth><atoutwid Sync="TRUE">10</atoutwid><attrtype Sync="TRUE">Binary</attrtype></attr><attr><attrlabl Sync="TRUE">DEMO</attrlabl><attwidth Sync="TRUE">4</attwidth><atoutwid Sync="TRUE">10</atoutwid><attrtype Sync="TRUE">Binary</attrtype></attr><attr><attrlabl Sync="TRUE">FTR_CODE</attrlabl><attwidth Sync="TRUE">4</attwidth><atoutwid Sync="TRUE">10</atoutwid><attrtype Sync="TRUE">Binary</attrtype><attrdomv><edom><edomv>2000</edomv><edomvd>Residential Buildings</edomvd></edom><edom><edomv>2010</edomv><edomvd>Commercial/Industrial</edomvd></edom><edom><edomv>2020 </edomv><edomvd>Institutional</edomvd></edom><edom><edomv>2030</edomv><edomvd>Garage</edomvd></edom><edom><edomv>2040</edomv><edomvd>Rail Station</edomvd></edom><edom><edomv>2050</edomv><edomvd>Water Tower</edomvd></edom><edom><edomv>2060</edomv><edomvd>Storage Tank</edomvd></edom><edom><edomv>2070 </edomv><edomvd>Other Structures</edomvd></edom><edom><edomv>2080</edomv><edomvd>Building Under Construction</edomvd></edom></attrdomv></attr><attr><attrlabl Sync="TRUE">YEAR</attrlabl><attalias Sync="TRUE">YEAR</attalias><attrtype Sync="TRUE">SmallInteger</attrtype><attwidth Sync="TRUE">2</attwidth><atprecis Sync="TRUE">5</atprecis><attscale Sync="TRUE">0</attscale></attr><attr><attrlabl Sync="TRUE">ELEV</attrlabl><attalias Sync="TRUE">Elevation</attalias><attrtype Sync="TRUE">Double</attrtype><attwidth Sync="TRUE">8</attwidth><atprecis Sync="TRUE">38</atprecis><attscale Sync="TRUE">8</attscale></attr><attr><attrlabl Sync="TRUE">Publicworks.GISNORFOLK.Buildings.area</attrlabl><attalias Sync="TRUE">area</attalias><attrtype Sync="TRUE">Double</attrtype><attwidth Sync="TRUE">8</attwidth><atprecis Sync="TRUE">38</atprecis><attscale Sync="TRUE">8</attscale></attr><attr><attrlabl Sync="TRUE">Publicworks.GISNORFOLK.Buildings.len</attrlabl><attalias Sync="TRUE">len</attalias><attrtype Sync="TRUE">Double</attrtype><attwidth Sync="TRUE">8</attwidth><atprecis Sync="TRUE">38</atprecis><attscale Sync="TRUE">8</attscale></attr><attr><attrlabl Sync="TRUE">YR_BUILT</attrlabl><attalias Sync="TRUE">YR_BUILT</attalias><attrtype Sync="TRUE">String</attrtype><attwidth Sync="TRUE">50</attwidth><atprecis Sync="TRUE">0</atprecis><attscale Sync="TRUE">0</attscale></attr><attr><attrlabl Sync="TRUE">NO_UNITS</attrlabl><attalias Sync="TRUE">NO_UNITS</attalias><attrtype Sync="TRUE">SmallInteger</attrtype><attwidth Sync="TRUE">2</attwidth><atprecis Sync="TRUE">5</atprecis><attscale Sync="TRUE">0</attscale></attr><attr><attrlabl Sync="TRUE">Shape.area</attrlabl><attalias Sync="TRUE">Shape.area</attalias><attrtype Sync="TRUE">Double</attrtype><attwidth Sync="TRUE">0</attwidth><atprecis Sync="TRUE">0</atprecis><attscale Sync="TRUE">0</attscale></attr><attr><attrlabl Sync="TRUE">Shape.len</attrlabl><attalias Sync="TRUE">Shape.len</attalias><attrtype Sync="TRUE">Double</attrtype><attwidth Sync="TRUE">0</attwidth><atprecis Sync="TRUE">0</atprecis><attscale Sync="TRUE">0</attscale></attr></detailed></eainfo><mdDateSt Sync="TRUE">20090727</mdDateSt></metadata>
