<metadata xml:lang="en"><Esri><CreaDate>20141112</CreaDate><CreaTime>16054900</CreaTime><SyncOnce>FALSE</SyncOnce><SyncDate>20141114</SyncDate><SyncTime>14271500</SyncTime><ModDate>20141114</ModDate><ModTime>14271500</ModTime><ArcGISFormat>1.0</ArcGISFormat><DataProperties><itemProps><itemLocation><linkage Sync="TRUE">file://\\120836L\C$\Temp\OpenStreetMap\Norfolk_OSM_Shpfiles\Output_PostProcessed\CensusTract_Split\51710000400.shp</linkage><protocol Sync="TRUE">Local Area Network</protocol></itemLocation><itemName Sync="TRUE">51710000400</itemName><imsContentType Sync="TRUE">002</imsContentType><itemSize Sync="TRUE">0.000</itemSize><nativeExtBox><westBL Sync="TRUE">-8497399.505800</westBL><eastBL Sync="TRUE">-8480038.483600</eastBL><southBL Sync="TRUE">4414330.288300</southBL><northBL Sync="TRUE">4434738.214500</northBL><exTypeCode Sync="TRUE">1</exTypeCode></nativeExtBox></itemProps><coordRef><type Sync="TRUE">Projected</type><geogcsn Sync="TRUE">GCS_WGS_1984_Major_Auxiliary_Sphere</geogcsn><csUnits Sync="TRUE">Linear Unit: Meter (1.000000)</csUnits><projcsn Sync="TRUE">WGS_1984_Web_Mercator</projcsn><peXml Sync="TRUE">&lt;ProjectedCoordinateSystem xsi:type='typens:ProjectedCoordinateSystem' xmlns:xsi='http://www.w3.org/2001/XMLSchema-instance' xmlns:xs='http://www.w3.org/2001/XMLSchema' xmlns:typens='http://www.esri.com/schemas/ArcGIS/10.1'&gt;&lt;WKT&gt;PROJCS[&amp;quot;WGS_1984_Web_Mercator&amp;quot;,GEOGCS[&amp;quot;GCS_WGS_1984_Major_Auxiliary_Sphere&amp;quot;,DATUM[&amp;quot;D_WGS_1984_Major_Auxiliary_Sphere&amp;quot;,SPHEROID[&amp;quot;WGS_1984_Major_Auxiliary_Sphere&amp;quot;,6378137.0,0.0]],PRIMEM[&amp;quot;Greenwich&amp;quot;,0.0],UNIT[&amp;quot;Degree&amp;quot;,0.0174532925199433]],PROJECTION[&amp;quot;Mercator&amp;quot;],PARAMETER[&amp;quot;False_Easting&amp;quot;,0.0],PARAMETER[&amp;quot;False_Northing&amp;quot;,0.0],PARAMETER[&amp;quot;Central_Meridian&amp;quot;,0.0],PARAMETER[&amp;quot;Standard_Parallel_1&amp;quot;,0.0],UNIT[&amp;quot;Meter&amp;quot;,1.0],AUTHORITY[&amp;quot;EPSG&amp;quot;,3785]]&lt;/WKT&gt;&lt;XOrigin&gt;-20037700&lt;/XOrigin&gt;&lt;YOrigin&gt;-30241100&lt;/YOrigin&gt;&lt;XYScale&gt;148923141.92838538&lt;/XYScale&gt;&lt;ZOrigin&gt;-100000&lt;/ZOrigin&gt;&lt;ZScale&gt;10000&lt;/ZScale&gt;&lt;MOrigin&gt;-100000&lt;/MOrigin&gt;&lt;MScale&gt;10000&lt;/MScale&gt;&lt;XYTolerance&gt;0.001&lt;/XYTolerance&gt;&lt;ZTolerance&gt;0.001&lt;/ZTolerance&gt;&lt;MTolerance&gt;0.001&lt;/MTolerance&gt;&lt;HighPrecision&gt;true&lt;/HighPrecision&gt;&lt;WKID&gt;102113&lt;/WKID&gt;&lt;LatestWKID&gt;3785&lt;/LatestWKID&gt;&lt;/ProjectedCoordinateSystem&gt;</peXml></coordRef><lineage><Process ToolSource="c:\arcgis\desktop10.1\ArcToolbox\Toolboxes\Analysis Tools.tbx\SpatialJoin" Date="20141107" Time="130130">SpatialJoin Buildings Buildings_Municipal_Merge_Address C:\Users\kspence\Documents\ArcGIS\Default.gdb\Buildings_SpatialJoin1 JOIN_ONE_TO_ONE KEEP_ALL "FTR_CODE "Feature Code" true true false 2 Short 0 0 ,First,#,C:\Temp\OpenStreetMap\OSM_Data.gdb\Buildings,FTR_CODE,-1,-1;YEAR "YEAR" true true false 2 Short 0 0 ,First,#,C:\Temp\OpenStreetMap\OSM_Data.gdb\Buildings,YEAR,-1,-1;ELEV "Elevation" true true false 8 Double 0 0 ,First,#,C:\Temp\OpenStreetMap\OSM_Data.gdb\Buildings,ELEV,-1,-1;DEMO "Demolished" true true false 2 Short 0 0 ,First,#,C:\Temp\OpenStreetMap\OSM_Data.gdb\Buildings,DEMO,-1,-1;area "area" true true true 8 Double 0 0 ,First,#,C:\Temp\OpenStreetMap\OSM_Data.gdb\Buildings,area,-1,-1;len "len" true true true 8 Double 0 0 ,First,#,C:\Temp\OpenStreetMap\OSM_Data.gdb\Buildings,len,-1,-1;YR_BUILT "YR_BUILT" true true false 50 Text 0 0 ,First,#,C:\Temp\OpenStreetMap\OSM_Data.gdb\Buildings,YR_BUILT,-1,-1;NO_UNITS "NO_UNITS" true true false 2 Short 0 0 ,First,#,C:\Temp\OpenStreetMap\OSM_Data.gdb\Buildings,NO_UNITS,-1,-1;Shape_Length "Shape_Length" false true true 8 Double 0 0 ,First,#,C:\Temp\OpenStreetMap\OSM_Data.gdb\Buildings,Shape_Length,-1,-1;Shape_Area "Shape_Area" false true true 8 Double 0 0 ,First,#,C:\Temp\OpenStreetMap\OSM_Data.gdb\Buildings,Shape_Area,-1,-1;YR_BUILT_1 "YR_BUILT" true true false 50 Text 0 0 ,First,#,C:\Temp\OpenStreetMap\OSM_Data.gdb\Buildings_Municipal_Merge_Address,YR_BUILT,-1,-1;Name1 "Name1" true true false 50 Text 0 0 ,First,#,C:\Temp\OpenStreetMap\OSM_Data.gdb\Buildings_Municipal_Merge_Address,Name1,-1,-1;Name2 "Name2" true true false 50 Text 0 0 ,First,#,C:\Temp\OpenStreetMap\OSM_Data.gdb\Buildings_Municipal_Merge_Address,Name2,-1,-1;HSE_NUM "HSE_NUM" true true false 2 Short 0 0 ,First,#,C:\Temp\OpenStreetMap\OSM_Data.gdb\Buildings_Municipal_Merge_Address,HSE_NUM,-1,-1;STREET "STREET" true true false 254 Text 0 0 ,First,#,C:\Temp\OpenStreetMap\OSM_Data.gdb\Buildings_Municipal_Merge_Address,STREET,-1,-1;STATUS "STATUS" true true false 1 Text 0 0 ,First,#,C:\Temp\OpenStreetMap\OSM_Data.gdb\Buildings_Municipal_Merge_Address,STATUS,-1,-1;ST_NAME "ST_NAME" true true false 254 Text 0 0 ,First,#,C:\Temp\OpenStreetMap\OSM_Data.gdb\Buildings_Municipal_Merge_Address,ST_NAME,-1,-1;ST_TYPE "ST_TYPE" true true false 10 Text 0 0 ,First,#,C:\Temp\OpenStreetMap\OSM_Data.gdb\Buildings_Municipal_Merge_Address,ST_TYPE,-1,-1;FULL_ADD "FULL_ADD" true true false 254 Text 0 0 ,First,#,C:\Temp\OpenStreetMap\OSM_Data.gdb\Buildings_Municipal_Merge_Address,FULL_ADD,-1,-1;X_COORD "X_COORD" true true false 8 Double 0 0 ,First,#,C:\Temp\OpenStreetMap\OSM_Data.gdb\Buildings_Municipal_Merge_Address,X_COORD,-1,-1;Y_COORD "Y_COORD" true true false 8 Double 0 0 ,First,#,C:\Temp\OpenStreetMap\OSM_Data.gdb\Buildings_Municipal_Merge_Address,Y_COORD,-1,-1;Shape_Length_1 "Shape_Length_1" false true true 8 Double 0 0 ,First,#,C:\Temp\OpenStreetMap\OSM_Data.gdb\Buildings_Municipal_Merge_Address,Shape_Length,-1,-1;Shape_Area_1 "Shape_Area_1" false true true 8 Double 0 0 ,First,#,C:\Temp\OpenStreetMap\OSM_Data.gdb\Buildings_Municipal_Merge_Address,Shape_Area,-1,-1;Name "Name" true true false 250 Text 0 0 ,First,#,C:\Temp\OpenStreetMap\OSM_Data.gdb\Buildings_Municipal_Merge_Address,Name,-1,-1" INTERSECT # #</Process><Process ToolSource="c:\arcgis\desktop10.1\ArcToolbox\Toolboxes\Analysis Tools.tbx\SpatialJoin" Date="20141110" Time="141125">SpatialJoin Buildings_MunAdd_SJ Addresses C:\Temp\OpenStreetMap\OSM_Data.gdb\Buildings_MunAdd_SJ_Add_SJ2 JOIN_ONE_TO_ONE KEEP_ALL "REC_NO "REC_NO" true true false 4 Long 0 0 ,First,#,C:\Temp\OpenStreetMap\OSM_Data.gdb\Addresses,REC_NO,-1,-1;REC_DATE "REC_DATE" true true false 8 Date 0 0 ,First,#,C:\Temp\OpenStreetMap\OSM_Data.gdb\Addresses,REC_DATE,-1,-1;HSE_NUM_1 "HSE_NUM" true true false 2 Short 0 0 ,First,#,C:\Temp\OpenStreetMap\OSM_Data.gdb\Addresses,HSE_NUM,-1,-1;STREET_1 "STREET" true true false 254 Text 0 0 ,First,#,C:\Temp\OpenStreetMap\OSM_Data.gdb\Addresses,STREET,-1,-1;STATUS_1 "STATUS" true true false 1 Text 0 0 ,First,#,C:\Temp\OpenStreetMap\OSM_Data.gdb\Addresses,STATUS,-1,-1;CON_LEVEL "CON_LEVEL" true true false 2 Short 0 0 ,First,#,C:\Temp\OpenStreetMap\OSM_Data.gdb\Addresses,CON_LEVEL,-1,-1;PRE_DIR "PRE_DIR" true true false 2 Text 0 0 ,First,#,C:\Temp\OpenStreetMap\OSM_Data.gdb\Addresses,PRE_DIR,-1,-1;PRE_TYPE "PRE_TYPE" true true false 16 Text 0 0 ,First,#,C:\Temp\OpenStreetMap\OSM_Data.gdb\Addresses,PRE_TYPE,-1,-1;ST_NAME_1 "ST_NAME" true true false 254 Text 0 0 ,First,#,C:\Temp\OpenStreetMap\OSM_Data.gdb\Addresses,ST_NAME,-1,-1;ST_TYPE_1 "ST_TYPE" true true false 10 Text 0 0 ,First,#,C:\Temp\OpenStreetMap\OSM_Data.gdb\Addresses,ST_TYPE,-1,-1;SUF_DIR "SUF_DIR" true true false 2 Text 0 0 ,First,#,C:\Temp\OpenStreetMap\OSM_Data.gdb\Addresses,SUF_DIR,-1,-1;FULL_ADD_1 "FULL_ADD" true true false 254 Text 0 0 ,First,#,C:\Temp\OpenStreetMap\OSM_Data.gdb\Addresses,FULL_ADD,-1,-1;MOD_DATE "MOD_DATE" true true false 8 Date 0 0 ,First,#,C:\Temp\OpenStreetMap\OSM_Data.gdb\Addresses,MOD_DATE,-1,-1;VALIDATE "VALIDATE" true true false 5 Text 0 0 ,First,#,C:\Temp\OpenStreetMap\OSM_Data.gdb\Addresses,VALIDATE,-1,-1;X_COORD_1 "X_COORD" true true false 8 Double 0 0 ,First,#,C:\Temp\OpenStreetMap\OSM_Data.gdb\Addresses,X_COORD,-1,-1;Y_COORD_1 "Y_COORD" true true false 8 Double 0 0 ,First,#,C:\Temp\OpenStreetMap\OSM_Data.gdb\Addresses,Y_COORD,-1,-1;MUN "MUN" true true false 4 Text 0 0 ,First,#,C:\Temp\OpenStreetMap\OSM_Data.gdb\Addresses,MUN,-1,-1;HYPERLINK "HYPERLINK" true true false 250 Text 0 0 ,First,#,C:\Temp\OpenStreetMap\OSM_Data.gdb\Addresses,HYPERLINK,-1,-1;ADDRKEY "ADDRKEY" true true false 4 Long 0 0 ,First,#,C:\Temp\OpenStreetMap\OSM_Data.gdb\Addresses,ADDRKEY,-1,-1;Join_Count "Join_Count" true true false 4 Long 0 0 ,First,#,C:\Temp\OpenStreetMap\OSM_Data.gdb\Buildings_MunAdd_SJ,Join_Count,-1,-1;TARGET_FID "TARGET_FID" true true false 4 Long 0 0 ,First,#,C:\Temp\OpenStreetMap\OSM_Data.gdb\Buildings_MunAdd_SJ,TARGET_FID,-1,-1;FTR_CODE "Feature Code" true true false 2 Short 0 0 ,First,#,C:\Temp\OpenStreetMap\OSM_Data.gdb\Buildings_MunAdd_SJ,FTR_CODE,-1,-1;YEAR "YEAR" true true false 2 Short 0 0 ,First,#,C:\Temp\OpenStreetMap\OSM_Data.gdb\Buildings_MunAdd_SJ,YEAR,-1,-1;ELEV "Elevation" true true false 8 Double 0 0 ,First,#,C:\Temp\OpenStreetMap\OSM_Data.gdb\Buildings_MunAdd_SJ,ELEV,-1,-1;DEMO "Demolished" true true false 2 Short 0 0 ,First,#,C:\Temp\OpenStreetMap\OSM_Data.gdb\Buildings_MunAdd_SJ,DEMO,-1,-1;area "area" true true false 8 Double 0 0 ,First,#,C:\Temp\OpenStreetMap\OSM_Data.gdb\Buildings_MunAdd_SJ,area,-1,-1;len "len" true true false 8 Double 0 0 ,First,#,C:\Temp\OpenStreetMap\OSM_Data.gdb\Buildings_MunAdd_SJ,len,-1,-1;YR_BUILT "YR_BUILT" true true false 50 Text 0 0 ,First,#,C:\Temp\OpenStreetMap\OSM_Data.gdb\Buildings_MunAdd_SJ,YR_BUILT,-1,-1;NO_UNITS "NO_UNITS" true true false 2 Short 0 0 ,First,#,C:\Temp\OpenStreetMap\OSM_Data.gdb\Buildings_MunAdd_SJ,NO_UNITS,-1,-1;YR_BUILT_1 "YR_BUILT" true true false 50 Text 0 0 ,First,#,C:\Temp\OpenStreetMap\OSM_Data.gdb\Buildings_MunAdd_SJ,YR_BUILT_1,-1,-1;Name1 "Name1" true true false 50 Text 0 0 ,First,#,C:\Temp\OpenStreetMap\OSM_Data.gdb\Buildings_MunAdd_SJ,Name1,-1,-1;Name2 "Name2" true true false 50 Text 0 0 ,First,#,C:\Temp\OpenStreetMap\OSM_Data.gdb\Buildings_MunAdd_SJ,Name2,-1,-1;HSE_NUM "HSE_NUM" true true false 2 Short 0 0 ,First,#,C:\Temp\OpenStreetMap\OSM_Data.gdb\Buildings_MunAdd_SJ,HSE_NUM,-1,-1;STREET "STREET" true true false 254 Text 0 0 ,First,#,C:\Temp\OpenStreetMap\OSM_Data.gdb\Buildings_MunAdd_SJ,STREET,-1,-1;STATUS "STATUS" true true false 1 Text 0 0 ,First,#,C:\Temp\OpenStreetMap\OSM_Data.gdb\Buildings_MunAdd_SJ,STATUS,-1,-1;ST_NAME "ST_NAME" true true false 254 Text 0 0 ,First,#,C:\Temp\OpenStreetMap\OSM_Data.gdb\Buildings_MunAdd_SJ,ST_NAME,-1,-1;ST_TYPE "ST_TYPE" true true false 10 Text 0 0 ,First,#,C:\Temp\OpenStreetMap\OSM_Data.gdb\Buildings_MunAdd_SJ,ST_TYPE,-1,-1;FULL_ADD "FULL_ADD" true true false 254 Text 0 0 ,First,#,C:\Temp\OpenStreetMap\OSM_Data.gdb\Buildings_MunAdd_SJ,FULL_ADD,-1,-1;X_COORD "X_COORD" true true false 8 Double 0 0 ,First,#,C:\Temp\OpenStreetMap\OSM_Data.gdb\Buildings_MunAdd_SJ,X_COORD,-1,-1;Y_COORD "Y_COORD" true true false 8 Double 0 0 ,First,#,C:\Temp\OpenStreetMap\OSM_Data.gdb\Buildings_MunAdd_SJ,Y_COORD,-1,-1;Shape_Length_1 "Shape_Length_1" true true false 8 Double 0 0 ,First,#,C:\Temp\OpenStreetMap\OSM_Data.gdb\Buildings_MunAdd_SJ,Shape_Length_1,-1,-1;Shape_Area_1 "Shape_Area_1" true true false 8 Double 0 0 ,First,#,C:\Temp\OpenStreetMap\OSM_Data.gdb\Buildings_MunAdd_SJ,Shape_Area_1,-1,-1;Name "Name" true true false 250 Text 0 0 ,First,#,C:\Temp\OpenStreetMap\OSM_Data.gdb\Buildings_MunAdd_SJ,Name,-1,-1;Shape_Length "Shape_Length" false true true 8 Double 0 0 ,First,#,C:\Temp\OpenStreetMap\OSM_Data.gdb\Buildings_MunAdd_SJ,Shape_Length,-1,-1;Shape_Area "Shape_Area" false true true 8 Double 0 0 ,First,#,C:\Temp\OpenStreetMap\OSM_Data.gdb\Buildings_MunAdd_SJ,Shape_Area,-1,-1" INTERSECT "10 Feet" #</Process><Process ToolSource="c:\arcgis\desktop10.1\ArcToolbox\Toolboxes\Data Management Tools.tbx\CalculateField" Date="20141110" Time="152018">CalculateField Buildings_MunAdd_SJ_Add_SJ2 FTR_CODE 2021 VB #</Process><Process ToolSource="c:\arcgis\desktop10.1\ArcToolbox\Toolboxes\Data Management Tools.tbx\CalculateField" Date="20141110" Time="152355">CalculateField Buildings_MunAdd_SJ_Add_SJ2 FTR_CODE 2020 VB #</Process><Process ToolSource="c:\arcgis\desktop10.1\ArcToolbox\Toolboxes\Data Management Tools.tbx\CalculateField" Date="20141110" Time="155146">CalculateField Buildings_MunAdd_SJ_Add_SJ2 building "residential" VB #</Process><Process ToolSource="c:\arcgis\desktop10.1\ArcToolbox\Toolboxes\Data Management Tools.tbx\CalculateField" Date="20141110" Time="155551">CalculateField Buildings_MunAdd_SJ_Add_SJ2 building "industrial" VB #</Process><Process ToolSource="c:\arcgis\desktop10.1\ArcToolbox\Toolboxes\Data Management Tools.tbx\CalculateField" Date="20141110" Time="155753">CalculateField Buildings_MunAdd_SJ_Add_SJ2 building "commercial" VB #</Process><Process ToolSource="c:\arcgis\desktop10.1\ArcToolbox\Toolboxes\Data Management Tools.tbx\CalculateField" Date="20141110" Time="160904">CalculateField Buildings_MunAdd_SJ_Add_SJ2 building "commercial" VB #</Process><Process ToolSource="c:\arcgis\desktop10.1\ArcToolbox\Toolboxes\Data Management Tools.tbx\CalculateField" Date="20141110" Time="161007">CalculateField Buildings_MunAdd_SJ_Add_SJ2 building "school" VB #</Process><Process ToolSource="c:\arcgis\desktop10.1\ArcToolbox\Toolboxes\Data Management Tools.tbx\CalculateField" Date="20141110" Time="162355">CalculateField Buildings_MunAdd_SJ_Add_SJ2 building "university" VB #</Process><Process ToolSource="c:\arcgis\desktop10.1\ArcToolbox\Toolboxes\Data Management Tools.tbx\CalculateField" Date="20141110" Time="162947">CalculateField Buildings_MunAdd_SJ_Add_SJ2 building "hospital" VB #</Process><Process ToolSource="c:\arcgis\desktop10.1\ArcToolbox\Toolboxes\Data Management Tools.tbx\CalculateField" Date="20141110" Time="163024">CalculateField Buildings_MunAdd_SJ_Add_SJ2 building "university" VB #</Process><Process ToolSource="c:\arcgis\desktop10.1\ArcToolbox\Toolboxes\Data Management Tools.tbx\CalculateField" Date="20141110" Time="163643">CalculateField Buildings_MunAdd_SJ_Add_SJ2 building "garage" VB #</Process><Process ToolSource="c:\arcgis\desktop10.1\ArcToolbox\Toolboxes\Data Management Tools.tbx\CalculateField" Date="20141110" Time="163842">CalculateField Buildings_MunAdd_SJ_Add_SJ2 building "civic" VB #</Process><Process ToolSource="c:\arcgis\desktop10.1\ArcToolbox\Toolboxes\Data Management Tools.tbx\CalculateField" Date="20141110" Time="164602">CalculateField Buildings_MunAdd_SJ_Add_SJ2 building "civic" VB #</Process><Process ToolSource="c:\arcgis\desktop10.1\ArcToolbox\Toolboxes\Data Management Tools.tbx\CalculateField" Date="20141110" Time="164641">CalculateField Buildings_MunAdd_SJ_Add_SJ2 building "civic" VB #</Process><Process ToolSource="c:\arcgis\desktop10.1\ArcToolbox\Toolboxes\Data Management Tools.tbx\CalculateField" Date="20141110" Time="164901">CalculateField Buildings_MunAdd_SJ_Add_SJ2 building "civic" VB #</Process><Process ToolSource="c:\arcgis\desktop10.1\ArcToolbox\Toolboxes\Data Management Tools.tbx\CalculateField" Date="20141110" Time="165122">CalculateField Buildings_MunAdd_SJ_Add_SJ2 building "hotel" VB #</Process><Process ToolSource="c:\arcgis\desktop10.1\ArcToolbox\Toolboxes\Data Management Tools.tbx\CalculateField" Date="20141110" Time="170747">CalculateField Buildings_MunAdd_SJ_Add_SJ2 building "hotel" VB #</Process><Process ToolSource="c:\arcgis\desktop10.1\ArcToolbox\Toolboxes\Data Management Tools.tbx\CalculateField" Date="20141110" Time="170915">CalculateField Buildings_MunAdd_SJ_Add_SJ2 building "transportation" VB #</Process><Process ToolSource="c:\arcgis\desktop10.1\ArcToolbox\Toolboxes\Data Management Tools.tbx\CalculateField" Date="20141110" Time="170946">CalculateField Buildings_MunAdd_SJ_Add_SJ2 building "industrial" VB #</Process><Process ToolSource="c:\arcgis\desktop10.1\ArcToolbox\Toolboxes\Data Management Tools.tbx\CalculateField" Date="20141110" Time="171708">CalculateField Buildings_MunAdd_SJ_Add_SJ2 building "residential" VB #</Process><Process ToolSource="c:\arcgis\desktop10.1\ArcToolbox\Toolboxes\Data Management Tools.tbx\CalculateField" Date="20141110" Time="172554">CalculateField Buildings_MunAdd_SJ_Add_SJ2 building "apartments" VB #</Process><Process ToolSource="c:\arcgis\desktop10.1\ArcToolbox\Toolboxes\Data Management Tools.tbx\CalculateField" Date="20141110" Time="172714">CalculateField Buildings_MunAdd_SJ_Add_SJ2 housenum [HSE_NUM] VB #</Process><Process ToolSource="c:\arcgis\desktop10.1\ArcToolbox\Toolboxes\Data Management Tools.tbx\CalculateField" Date="20141110" Time="172733">CalculateField Buildings_MunAdd_SJ_Add_SJ2 housenum [HSE_NUM] VB #</Process><Process ToolSource="c:\arcgis\desktop10.1\ArcToolbox\Toolboxes\Data Management Tools.tbx\CalculateField" Date="20141110" Time="172859">CalculateField Buildings_MunAdd_SJ_Add_SJ2 housenum [HSE_NUM_1] VB #</Process><Process ToolSource="c:\arcgis\desktop10.1\ArcToolbox\Toolboxes\Data Management Tools.tbx\CalculateField" Date="20141110" Time="173527">CalculateField Buildings_MunAdd_SJ_Add_SJ2 housenum [HSE_NUM] VB #</Process><Process ToolSource="c:\arcgis\desktop10.1\ArcToolbox\Toolboxes\Data Management Tools.tbx\CalculateField" Date="20141110" Time="173747">CalculateField Buildings_MunAdd_SJ_Add_SJ2 street_12 [STREET] VB #</Process><Process ToolSource="c:\arcgis\desktop10.1\ArcToolbox\Toolboxes\Data Management Tools.tbx\CalculateField" Date="20141110" Time="173846">CalculateField Buildings_MunAdd_SJ_Add_SJ2 city "NORFOLK" VB #</Process><Process ToolSource="c:\arcgis\desktop10.1\ArcToolbox\Toolboxes\Data Management Tools.tbx\CalculateField" Date="20141110" Time="173917">CalculateField Buildings_MunAdd_SJ_Add_SJ2 state "VIRGINIA" VB #</Process><Process ToolSource="c:\arcgis\desktop10.1\ArcToolbox\Toolboxes\Analysis Tools.tbx\SpatialJoin" Date="20141110" Time="174614">SpatialJoin Buildings_MunAdd_SJ_Add_SJ2 Maps.GISNORFOLK.zipcodes C:\Temp\OpenStreetMap\OSM_Data.gdb\Buildings_MunAdd_SJ_Add_SJ2S_zip2 JOIN_ONE_TO_ONE KEEP_ALL "MAPS_GISNORFOLK_ZIP_CODES_AREA "MAPS_GISNORFOLK_ZIP_CODES_AREA" true true false 8 Double 8 38 ,First,#,Database Connections\Maps.sde\Maps.GISNORFOLK.Municipal\Maps.GISNORFOLK.zipcodes,MAPS_GISNORFOLK_ZIP_CODES_AREA,-1,-1;ZIP "ZIP" true true false 5 Text 0 0 ,First,#,Database Connections\Maps.sde\Maps.GISNORFOLK.Municipal\Maps.GISNORFOLK.zipcodes,ZIP,-1,-1;Shape_area_12 "Shape_area_12" false false true 0 Double 0 0 ,First,#,Database Connections\Maps.sde\Maps.GISNORFOLK.Municipal\Maps.GISNORFOLK.zipcodes,Shape.area,-1,-1;Shape_len "Shape_len" false false true 0 Double 0 0 ,First,#,Database Connections\Maps.sde\Maps.GISNORFOLK.Municipal\Maps.GISNORFOLK.zipcodes,Shape.len,-1,-1;Join_Count "Join_Count" true true false 4 Long 0 0 ,First,#,C:\Temp\OpenStreetMap\OSM_Data.gdb\Buildings_MunAdd_SJ_Add_SJ2,Join_Count,-1,-1;TARGET_FID "TARGET_FID" true true false 4 Long 0 0 ,First,#,C:\Temp\OpenStreetMap\OSM_Data.gdb\Buildings_MunAdd_SJ_Add_SJ2,TARGET_FID,-1,-1;REC_NO "REC_NO" true true false 4 Long 0 0 ,First,#,C:\Temp\OpenStreetMap\OSM_Data.gdb\Buildings_MunAdd_SJ_Add_SJ2,REC_NO,-1,-1;REC_DATE "REC_DATE" true true false 8 Date 0 0 ,First,#,C:\Temp\OpenStreetMap\OSM_Data.gdb\Buildings_MunAdd_SJ_Add_SJ2,REC_DATE,-1,-1;HSE_NUM_1 "HSE_NUM" true true false 2 Short 0 0 ,First,#,C:\Temp\OpenStreetMap\OSM_Data.gdb\Buildings_MunAdd_SJ_Add_SJ2,HSE_NUM_1,-1,-1;STREET_1 "STREET" true true false 254 Text 0 0 ,First,#,C:\Temp\OpenStreetMap\OSM_Data.gdb\Buildings_MunAdd_SJ_Add_SJ2,STREET_1,-1,-1;STATUS_1 "STATUS" true true false 1 Text 0 0 ,First,#,C:\Temp\OpenStreetMap\OSM_Data.gdb\Buildings_MunAdd_SJ_Add_SJ2,STATUS_1,-1,-1;CON_LEVEL "CON_LEVEL" true true false 2 Short 0 0 ,First,#,C:\Temp\OpenStreetMap\OSM_Data.gdb\Buildings_MunAdd_SJ_Add_SJ2,CON_LEVEL,-1,-1;PRE_DIR "PRE_DIR" true true false 2 Text 0 0 ,First,#,C:\Temp\OpenStreetMap\OSM_Data.gdb\Buildings_MunAdd_SJ_Add_SJ2,PRE_DIR,-1,-1;PRE_TYPE "PRE_TYPE" true true false 16 Text 0 0 ,First,#,C:\Temp\OpenStreetMap\OSM_Data.gdb\Buildings_MunAdd_SJ_Add_SJ2,PRE_TYPE,-1,-1;ST_NAME_1 "ST_NAME" true true false 254 Text 0 0 ,First,#,C:\Temp\OpenStreetMap\OSM_Data.gdb\Buildings_MunAdd_SJ_Add_SJ2,ST_NAME_1,-1,-1;ST_TYPE_1 "ST_TYPE" true true false 10 Text 0 0 ,First,#,C:\Temp\OpenStreetMap\OSM_Data.gdb\Buildings_MunAdd_SJ_Add_SJ2,ST_TYPE_1,-1,-1;SUF_DIR "SUF_DIR" true true false 2 Text 0 0 ,First,#,C:\Temp\OpenStreetMap\OSM_Data.gdb\Buildings_MunAdd_SJ_Add_SJ2,SUF_DIR,-1,-1;FULL_ADD_1 "FULL_ADD" true true false 254 Text 0 0 ,First,#,C:\Temp\OpenStreetMap\OSM_Data.gdb\Buildings_MunAdd_SJ_Add_SJ2,FULL_ADD_1,-1,-1;MOD_DATE "MOD_DATE" true true false 8 Date 0 0 ,First,#,C:\Temp\OpenStreetMap\OSM_Data.gdb\Buildings_MunAdd_SJ_Add_SJ2,MOD_DATE,-1,-1;VALIDATE "VALIDATE" true true false 5 Text 0 0 ,First,#,C:\Temp\OpenStreetMap\OSM_Data.gdb\Buildings_MunAdd_SJ_Add_SJ2,VALIDATE,-1,-1;X_COORD_1 "X_COORD" true true false 8 Double 0 0 ,First,#,C:\Temp\OpenStreetMap\OSM_Data.gdb\Buildings_MunAdd_SJ_Add_SJ2,X_COORD_1,-1,-1;Y_COORD_1 "Y_COORD" true true false 8 Double 0 0 ,First,#,C:\Temp\OpenStreetMap\OSM_Data.gdb\Buildings_MunAdd_SJ_Add_SJ2,Y_COORD_1,-1,-1;MUN "MUN" true true false 4 Text 0 0 ,First,#,C:\Temp\OpenStreetMap\OSM_Data.gdb\Buildings_MunAdd_SJ_Add_SJ2,MUN,-1,-1;HYPERLINK "HYPERLINK" true true false 250 Text 0 0 ,First,#,C:\Temp\OpenStreetMap\OSM_Data.gdb\Buildings_MunAdd_SJ_Add_SJ2,HYPERLINK,-1,-1;ADDRKEY "ADDRKEY" true true false 4 Long 0 0 ,First,#,C:\Temp\OpenStreetMap\OSM_Data.gdb\Buildings_MunAdd_SJ_Add_SJ2,ADDRKEY,-1,-1;Join_Count_1 "Join_Count" true true false 4 Long 0 0 ,First,#,C:\Temp\OpenStreetMap\OSM_Data.gdb\Buildings_MunAdd_SJ_Add_SJ2,Join_Count_1,-1,-1;TARGET_FID_1 "TARGET_FID" true true false 4 Long 0 0 ,First,#,C:\Temp\OpenStreetMap\OSM_Data.gdb\Buildings_MunAdd_SJ_Add_SJ2,TARGET_FID_1,-1,-1;FTR_CODE "Feature Code" true true false 2 Short 0 0 ,First,#,C:\Temp\OpenStreetMap\OSM_Data.gdb\Buildings_MunAdd_SJ_Add_SJ2,FTR_CODE,-1,-1;YEAR "YEAR" true true false 2 Short 0 0 ,First,#,C:\Temp\OpenStreetMap\OSM_Data.gdb\Buildings_MunAdd_SJ_Add_SJ2,YEAR,-1,-1;ELEV "Elevation" true true false 8 Double 0 0 ,First,#,C:\Temp\OpenStreetMap\OSM_Data.gdb\Buildings_MunAdd_SJ_Add_SJ2,ELEV,-1,-1;DEMO "Demolished" true true false 2 Short 0 0 ,First,#,C:\Temp\OpenStreetMap\OSM_Data.gdb\Buildings_MunAdd_SJ_Add_SJ2,DEMO,-1,-1;area "area" true true false 8 Double 0 0 ,First,#,C:\Temp\OpenStreetMap\OSM_Data.gdb\Buildings_MunAdd_SJ_Add_SJ2,area,-1,-1;len "len" true true false 8 Double 0 0 ,First,#,C:\Temp\OpenStreetMap\OSM_Data.gdb\Buildings_MunAdd_SJ_Add_SJ2,len,-1,-1;YR_BUILT "YR_BUILT" true true false 50 Text 0 0 ,First,#,C:\Temp\OpenStreetMap\OSM_Data.gdb\Buildings_MunAdd_SJ_Add_SJ2,YR_BUILT,-1,-1;NO_UNITS "NO_UNITS" true true false 2 Short 0 0 ,First,#,C:\Temp\OpenStreetMap\OSM_Data.gdb\Buildings_MunAdd_SJ_Add_SJ2,NO_UNITS,-1,-1;YR_BUILT_1 "YR_BUILT" true true false 50 Text 0 0 ,First,#,C:\Temp\OpenStreetMap\OSM_Data.gdb\Buildings_MunAdd_SJ_Add_SJ2,YR_BUILT_1,-1,-1;Name1 "Name1" true true false 50 Text 0 0 ,First,#,C:\Temp\OpenStreetMap\OSM_Data.gdb\Buildings_MunAdd_SJ_Add_SJ2,Name1,-1,-1;Name2 "Name2" true true false 50 Text 0 0 ,First,#,C:\Temp\OpenStreetMap\OSM_Data.gdb\Buildings_MunAdd_SJ_Add_SJ2,Name2,-1,-1;HSE_NUM "HSE_NUM" true true false 2 Short 0 0 ,First,#,C:\Temp\OpenStreetMap\OSM_Data.gdb\Buildings_MunAdd_SJ_Add_SJ2,HSE_NUM,-1,-1;STREET "STREET" true true false 254 Text 0 0 ,First,#,C:\Temp\OpenStreetMap\OSM_Data.gdb\Buildings_MunAdd_SJ_Add_SJ2,STREET,-1,-1;STATUS "STATUS" true true false 1 Text 0 0 ,First,#,C:\Temp\OpenStreetMap\OSM_Data.gdb\Buildings_MunAdd_SJ_Add_SJ2,STATUS,-1,-1;ST_NAME "ST_NAME" true true false 254 Text 0 0 ,First,#,C:\Temp\OpenStreetMap\OSM_Data.gdb\Buildings_MunAdd_SJ_Add_SJ2,ST_NAME,-1,-1;ST_TYPE "ST_TYPE" true true false 10 Text 0 0 ,First,#,C:\Temp\OpenStreetMap\OSM_Data.gdb\Buildings_MunAdd_SJ_Add_SJ2,ST_TYPE,-1,-1;FULL_ADD "FULL_ADD" true true false 254 Text 0 0 ,First,#,C:\Temp\OpenStreetMap\OSM_Data.gdb\Buildings_MunAdd_SJ_Add_SJ2,FULL_ADD,-1,-1;X_COORD "X_COORD" true true false 8 Double 0 0 ,First,#,C:\Temp\OpenStreetMap\OSM_Data.gdb\Buildings_MunAdd_SJ_Add_SJ2,X_COORD,-1,-1;Y_COORD "Y_COORD" true true false 8 Double 0 0 ,First,#,C:\Temp\OpenStreetMap\OSM_Data.gdb\Buildings_MunAdd_SJ_Add_SJ2,Y_COORD,-1,-1;Shape_Length_1 "Shape_Length_1" true true false 8 Double 0 0 ,First,#,C:\Temp\OpenStreetMap\OSM_Data.gdb\Buildings_MunAdd_SJ_Add_SJ2,Shape_Length_1,-1,-1;Shape_Area_1 "Shape_Area_1" true true false 8 Double 0 0 ,First,#,C:\Temp\OpenStreetMap\OSM_Data.gdb\Buildings_MunAdd_SJ_Add_SJ2,Shape_Area_1,-1,-1;Name "Name" true true false 250 Text 0 0 ,First,#,C:\Temp\OpenStreetMap\OSM_Data.gdb\Buildings_MunAdd_SJ_Add_SJ2,Name,-1,-1;Shape_Length "Shape_Length" false true true 8 Double 0 0 ,First,#,C:\Temp\OpenStreetMap\OSM_Data.gdb\Buildings_MunAdd_SJ_Add_SJ2,Shape_Length,-1,-1;Shape_Area "Shape_Area" false true true 8 Double 0 0 ,First,#,C:\Temp\OpenStreetMap\OSM_Data.gdb\Buildings_MunAdd_SJ_Add_SJ2,Shape_Area,-1,-1;building "building" true true false 50 Text 0 0 ,First,#,C:\Temp\OpenStreetMap\OSM_Data.gdb\Buildings_MunAdd_SJ_Add_SJ2,building,-1,-1;housenum "housenum" true true false 50 Text 0 0 ,First,#,C:\Temp\OpenStreetMap\OSM_Data.gdb\Buildings_MunAdd_SJ_Add_SJ2,housenum,-1,-1;unit "unit" true true false 8 Double 0 0 ,First,#,C:\Temp\OpenStreetMap\OSM_Data.gdb\Buildings_MunAdd_SJ_Add_SJ2,unit,-1,-1;street_12 "street_12" true true false 100 Text 0 0 ,First,#,C:\Temp\OpenStreetMap\OSM_Data.gdb\Buildings_MunAdd_SJ_Add_SJ2,street_12,-1,-1;city "city" true true false 50 Text 0 0 ,First,#,C:\Temp\OpenStreetMap\OSM_Data.gdb\Buildings_MunAdd_SJ_Add_SJ2,city,-1,-1;state "state" true true false 50 Text 0 0 ,First,#,C:\Temp\OpenStreetMap\OSM_Data.gdb\Buildings_MunAdd_SJ_Add_SJ2,state,-1,-1;postcode "postcode" true true false 50 Text 0 0 ,First,#,C:\Temp\OpenStreetMap\OSM_Data.gdb\Buildings_MunAdd_SJ_Add_SJ2,postcode,-1,-1" INTERSECT # #</Process><Process ToolSource="c:\arcgis\desktop10.1\ArcToolbox\Toolboxes\Data Management Tools.tbx\CalculateField" Date="20141110" Time="174938">CalculateField Buildings_MunAdd_SJ_Add_SJ2S_zip2 postcode [ZIP] VB #</Process><Process ToolSource="c:\arcgis\desktop10.1\ArcToolbox\Toolboxes\Data Management Tools.tbx\CalculateField" Date="20141112" Time="154825">CalculateField CoN_OSM_Processed_Buildings street [street_12] VB #</Process><Process ToolSource="c:\arcgis\desktop10.1\ArcToolbox\Toolboxes\Data Management Tools.tbx\Project" Date="20141112" Time="160613">Project C:\Temp\OpenStreetMap\OSM_Data.gdb\CoN_OSM_Processed_Buildings C:\Temp\OpenStreetMap\OSM_Data.gdb\CoN_OSM_Processed_Buildings_WebMercator PROJCS['WGS_1984_Web_Mercator',GEOGCS['GCS_WGS_1984_Major_Auxiliary_Sphere',DATUM['D_WGS_1984_Major_Auxiliary_Sphere',SPHEROID['WGS_1984_Major_Auxiliary_Sphere',6378137.0,0.0]],PRIMEM['Greenwich',0.0],UNIT['Degree',0.0174532925199433]],PROJECTION['Mercator'],PARAMETER['False_Easting',0.0],PARAMETER['False_Northing',0.0],PARAMETER['Central_Meridian',0.0],PARAMETER['Standard_Parallel_1',0.0],UNIT['Meter',1.0]] 'WGS_1984_(ITRF00)_To_NAD_1983 + WGS_1984_Major_Auxiliary_Sphere_To_WGS_1984' PROJCS['NAD_1983_StatePlane_Virginia_South_FIPS_4502_Feet',GEOGCS['GCS_North_American_1983',DATUM['D_North_American_1983',SPHEROID['GRS_1980',6378137.0,298.257222101]],PRIMEM['Greenwich',0.0],UNIT['Degree',0.0174532925199433]],PROJECTION['Lambert_Conformal_Conic'],PARAMETER['False_Easting',11482916.66666666],PARAMETER['False_Northing',3280833.333333333],PARAMETER['Central_Meridian',-78.5],PARAMETER['Standard_Parallel_1',36.76666666666667],PARAMETER['Standard_Parallel_2',37.96666666666667],PARAMETER['Latitude_Of_Origin',36.33333333333334],UNIT['Foot_US',0.3048006096012192]]</Process><Process ToolSource="C:\Users\kspence\Documents\GIS_Info\GeoProcessing\1Stop_Shopping.tbx\CalculateField" Date="20141112" Time="161815">CalculateField C:\Temp\OpenStreetMap\OSM_Data.gdb\CoN_OSM_Processed_Buildings_WebMercator name1 [Name] VB #</Process><Process ToolSource="C:\Users\kspence\Documents\GIS_Info\GeoProcessing\1Stop_Shopping.tbx\CalculateField" Date="20141112" Time="161827">CalculateField C:\Temp\OpenStreetMap\OSM_Data.gdb\CoN_OSM_Processed_Buildings_WebMercator building1 [building] VB #</Process><Process ToolSource="C:\Users\kspence\Documents\GIS_Info\GeoProcessing\1Stop_Shopping.tbx\CalculateField" Date="20141112" Time="161838">CalculateField C:\Temp\OpenStreetMap\OSM_Data.gdb\CoN_OSM_Processed_Buildings_WebMercator housenum1 [housenum] VB #</Process><Process ToolSource="C:\Users\kspence\Documents\GIS_Info\GeoProcessing\1Stop_Shopping.tbx\CalculateField" Date="20141112" Time="161849">CalculateField C:\Temp\OpenStreetMap\OSM_Data.gdb\CoN_OSM_Processed_Buildings_WebMercator street1 [street] VB #</Process><Process ToolSource="C:\Users\kspence\Documents\GIS_Info\GeoProcessing\1Stop_Shopping.tbx\CalculateField" Date="20141112" Time="161902">CalculateField C:\Temp\OpenStreetMap\OSM_Data.gdb\CoN_OSM_Processed_Buildings_WebMercator city1 [city] VB #</Process><Process ToolSource="C:\Users\kspence\Documents\GIS_Info\GeoProcessing\1Stop_Shopping.tbx\CalculateField" Date="20141112" Time="161915">CalculateField C:\Temp\OpenStreetMap\OSM_Data.gdb\CoN_OSM_Processed_Buildings_WebMercator state1 [state] VB #</Process><Process ToolSource="C:\Users\kspence\Documents\GIS_Info\GeoProcessing\1Stop_Shopping.tbx\CalculateField" Date="20141112" Time="161927">CalculateField C:\Temp\OpenStreetMap\OSM_Data.gdb\CoN_OSM_Processed_Buildings_WebMercator postcode1 [postcode] VB #</Process><Process ToolSource="c:\arcgis\desktop10.1\ArcToolbox\Toolboxes\Data Management Tools.tbx\DeleteField" Date="20141112" Time="162112">DeleteField C:\Temp\OpenStreetMap\OSM_Data.gdb\CoN_OSM_Processed_Buildings_WebMercator Name;building;housenum;city;state;postcode;street</Process><Process ToolSource="C:\Users\kspence\Documents\GIS_Info\GeoProcessing\1Stop_Shopping.tbx\CalculateField" Date="20141112" Time="162445">CalculateField C:\Temp\OpenStreetMap\OSM_Data.gdb\CoN_OSM_Processed_Buildings_WebMercator name [name1] VB #</Process><Process ToolSource="C:\Users\kspence\Documents\GIS_Info\GeoProcessing\1Stop_Shopping.tbx\CalculateField" Date="20141112" Time="162457">CalculateField C:\Temp\OpenStreetMap\OSM_Data.gdb\CoN_OSM_Processed_Buildings_WebMercator building [building1] VB #</Process><Process ToolSource="C:\Users\kspence\Documents\GIS_Info\GeoProcessing\1Stop_Shopping.tbx\CalculateField" Date="20141112" Time="162508">CalculateField C:\Temp\OpenStreetMap\OSM_Data.gdb\CoN_OSM_Processed_Buildings_WebMercator housenum [housenum1] VB #</Process><Process ToolSource="C:\Users\kspence\Documents\GIS_Info\GeoProcessing\1Stop_Shopping.tbx\CalculateField" Date="20141112" Time="162519">CalculateField C:\Temp\OpenStreetMap\OSM_Data.gdb\CoN_OSM_Processed_Buildings_WebMercator street [street1] VB #</Process><Process ToolSource="C:\Users\kspence\Documents\GIS_Info\GeoProcessing\1Stop_Shopping.tbx\CalculateField" Date="20141112" Time="162532">CalculateField C:\Temp\OpenStreetMap\OSM_Data.gdb\CoN_OSM_Processed_Buildings_WebMercator city [city1] VB #</Process><Process ToolSource="C:\Users\kspence\Documents\GIS_Info\GeoProcessing\1Stop_Shopping.tbx\CalculateField" Date="20141112" Time="162544">CalculateField C:\Temp\OpenStreetMap\OSM_Data.gdb\CoN_OSM_Processed_Buildings_WebMercator state [state1] VB #</Process><Process ToolSource="C:\Users\kspence\Documents\GIS_Info\GeoProcessing\1Stop_Shopping.tbx\CalculateField" Date="20141112" Time="162557">CalculateField C:\Temp\OpenStreetMap\OSM_Data.gdb\CoN_OSM_Processed_Buildings_WebMercator postcode [postcode1] VB #</Process><Process ToolSource="c:\arcgis\desktop10.1\ArcToolbox\Toolboxes\Data Management Tools.tbx\DeleteField" Date="20141112" Time="165127">DeleteField C:\Temp\OpenStreetMap\OSM_Data.gdb\CoN_OSM_Processed_Buildings_WebMercator name1;building1;housenum1;street1;city1;state1;postcode1</Process><Process ToolSource="c:\arcgis\desktop10.1\ArcToolbox\Toolboxes\Data Management Tools.tbx\CalculateField" Date="20141114" Time="140327">CalculateField CoN_OSM_Processed_Buildings_WebMercator building "church" VB #</Process><Process ToolSource="c:\arcgis\desktop10.1\ArcToolbox\Toolboxes\Conversion Tools.tbx\FeatureClassToFeatureClass" Date="20141114" Time="140818">FeatureClassToFeatureClass C:\Temp\OpenStreetMap\OSM_Data.gdb\CoN_OSM_Processed_Buildings_WebMercator C:\Temp\OpenStreetMap\Norfolk_OSM_Shpfiles\Output_PostProcessed OSM_Processed_Buildings.shp # "Shape_Leng "Shape_Length" false true true 8 Double 0 0 ,First,#,C:\Temp\OpenStreetMap\OSM_Data.gdb\CoN_OSM_Processed_Buildings_WebMercator,Shape_Length,-1,-1;Shape_Area "Shape_Area" false true true 8 Double 0 0 ,First,#,C:\Temp\OpenStreetMap\OSM_Data.gdb\CoN_OSM_Processed_Buildings_WebMercator,Shape_Area,-1,-1;name "name" true true false 250 Text 0 0 ,First,#,C:\Temp\OpenStreetMap\OSM_Data.gdb\CoN_OSM_Processed_Buildings_WebMercator,name,-1,-1;building "building" true true false 50 Text 0 0 ,First,#,C:\Temp\OpenStreetMap\OSM_Data.gdb\CoN_OSM_Processed_Buildings_WebMercator,building,-1,-1;housenum "housenum" true true false 50 Text 0 0 ,First,#,C:\Temp\OpenStreetMap\OSM_Data.gdb\CoN_OSM_Processed_Buildings_WebMercator,housenum,-1,-1;street "street" true true false 100 Text 0 0 ,First,#,C:\Temp\OpenStreetMap\OSM_Data.gdb\CoN_OSM_Processed_Buildings_WebMercator,street,-1,-1;city "city" true true false 50 Text 0 0 ,First,#,C:\Temp\OpenStreetMap\OSM_Data.gdb\CoN_OSM_Processed_Buildings_WebMercator,city,-1,-1;state "state" true true false 50 Text 0 0 ,First,#,C:\Temp\OpenStreetMap\OSM_Data.gdb\CoN_OSM_Processed_Buildings_WebMercator,state,-1,-1;postcode "postcode" true true false 50 Text 0 0 ,First,#,C:\Temp\OpenStreetMap\OSM_Data.gdb\CoN_OSM_Processed_Buildings_WebMercator,postcode,-1,-1" #</Process></lineage></DataProperties></Esri><idinfo><citation><citeinfo><onlink Sync="TRUE">Server=gissde; Service=5653; Database=PublicWorks; User=norfolk\mdubaj; Version=GISNORFOLK.Surveys</onlink><origin>Michael Baker, Inc.</origin><pubdate>May 2008</pubdate><title Sync="TRUE">Publicworks.GISNORFOLK.Buildings</title><ftname Sync="TRUE">Publicworks.GISNORFOLK.Buildings</ftname><geoform Sync="TRUE">vector digital data</geoform><edition>1st edition</edition><pubinfo><pubplace>Norfolk, VA</pubplace><publish>City of Norfolk</publish></pubinfo></citeinfo></citation><native Sync="TRUE">Microsoft Windows XP Version 5.1 (Build 2600) Service Pack 3; ESRI ArcCatalog 9.2.6.1500</native><descript><langdata Sync="TRUE">en</langdata><abstract>This coverage contains residential, commercial, industrial buildings; garages, rail stations, water towers, storage tanks, other structures, and buildings under construction.</abstract><purpose>To represent as accurately as possible the residential, commercial, industrial buildings; garages, rail stations, water towers, storage tanks, other structures, and buildings under construction within the City of Norfolk</purpose><supplinf>See Distribution Liability</supplinf></descript><timeperd><current>Current to 2006 Orthophotos</current><timeinfo><sngdate><caldate>May 2008</caldate></sngdate></timeinfo></timeperd><status><progress>Complete</progress><update>Continually</update></status><spdom><bounding><westbc Sync="TRUE">-76.336551</westbc><eastbc Sync="TRUE">-76.174112</eastbc><northbc Sync="TRUE">36.969418</northbc><southbc Sync="TRUE">36.819899</southbc></bounding><lboundng><leftbc Sync="TRUE">12116114.598938</leftbc><rightbc Sync="TRUE">12162361.079935</rightbc><bottombc Sync="TRUE">3466340.799944</bottombc><topbc Sync="TRUE">3519693.900978</topbc></lboundng></spdom><keywords><theme><themekt>REQUIRED: Reference to a formally registered thesaurus or a similar authoritative source of theme keywords.</themekt><themekey>Buildings,footprints</themekey></theme><place><placekey>Norfolk,Hampton Roads,Virginia,Tidewater</placekey></place></keywords><accconst>Data will be made available free of charge for all internal uses and for those companies with contracts is good standing with the City of Norfolk.  All others are required to purchase the data from the City of Norfolk, Department of Public Works, Surveys Division.</accconst><useconst>Any and all data sets are for graphical representation only and should not be used for legal purposes.  Any determination of topography or contours, or any depiction of physical improvements, property lines or boundaries is for general information only and shall not be used for the design, modification, or construction of improvements to real property or for flood plain determination.</useconst><natvform Sync="TRUE">SDE Feature Class</natvform><ptcontac><cntinfo><cntvoice>757-664-4500</cntvoice><cntfax>757-664-4567</cntfax><cntemail>gis@norfolk.gov</cntemail><hours>Monday-Friday, 8am to 5pm</hours><cntorgp><cntorg>City of Norfolk</cntorg><cntper>GIS Team</cntper></cntorgp><cntaddr><addrtype>mailing and physical address</addrtype><address>401 Monticello Avenue</address><city>Norfolk</city><state>VA</state><postal>23510</postal><country>USA</country></cntaddr><cntinst>By phone or by e-mail</cntinst></cntinfo></ptcontac><datacred>Data collected and compiled by Analytical Surveys, Inc. of Colorado Springs, Colorado and maintained as needed by the City of Norfolk.</datacred></idinfo><distInfo><distributor><distorTran><onLineSrc><linkage Sync="TRUE">Server=gissde; Service=5653; Database=PublicWorks; User=norfolk\mdubaj; Version=GISNORFOLK.Surveys</linkage><protocol Sync="TRUE">ArcSDE Connection</protocol><orDesc Sync="TRUE">002</orDesc></onLineSrc><transSize Sync="TRUE">40.680</transSize></distorTran><distorFormat><formatName Sync="TRUE">SDE Feature Class</formatName></distorFormat></distributor><distFormat><formatName Sync="TRUE">Shapefile</formatName></distFormat><distTranOps><transSize Sync="TRUE">0.000</transSize></distTranOps></distInfo><dataqual><lineage><procstep><procdesc Sync="TRUE">Dataset copied.</procdesc><srcused Sync="TRUE">x:\wrkarea\gis\cari\footprint_updates\buildings</srcused><date Sync="TRUE">20040701</date><time Sync="TRUE">12234900</time></procstep><procstep><procdesc Sync="TRUE">Dataset copied.</procdesc><srcused Sync="TRUE">x:\gisdata\planimet\buildings</srcused><date Sync="TRUE">20050311</date><time Sync="TRUE">15011200</time></procstep><procstep><procdesc Sync="TRUE">Dataset copied.</procdesc><srcused Sync="TRUE">c:\workspace\buildings</srcused><date Sync="TRUE">20050324</date><time Sync="TRUE">08040200</time></procstep><srcinfo><srccite><citeinfo><origin>Analytical Surveys, Inc.</origin><pubdate>March 15, 2000</pubdate><title>Buildings</title><onlink>\\gissrv1\gisdata\gisdata\planimet\buildings</onlink></citeinfo></srccite><srcscale>100</srcscale><typesrc>digital tape media</typesrc><srctime><timeinfo><sngdate><caldate>July 2003</caldate></sngdate></timeinfo><srccurr>publication date</srccurr></srctime></srcinfo><procstep><procdesc Sync="TRUE">Metadata imported.</procdesc><srcused Sync="TRUE">X:\Wrkarea\GIS\Cari\XML files\buildings.xml</srcused><date Sync="TRUE">20080516</date><time Sync="TRUE">12195600</time></procstep></lineage><logic>ESRI Feature Type: Simple
Geometry: Polygon 
</logic><complete>Data set has been visually inspected.  All data produced strives to meet National Mapping Accuracy Standards (NMAS).</complete></dataqual><dataIdInfo><envirDesc Sync="TRUE">Microsoft Windows 7 Version 6.1 (Build 7601) Service Pack 1; Esri ArcGIS 10.1.1.3143</envirDesc><dataLang><languageCode Sync="TRUE" value="eng"/><countryCode value="USA" Sync="TRUE"></countryCode></dataLang><idCitation><resTitle Sync="TRUE">51710000400</resTitle><presForm><PresFormCd Sync="TRUE" value="005"/></presForm></idCitation><spatRpType><SpatRepTypCd Sync="TRUE" value="001"/></spatRpType><dataExt><geoEle><GeoBndBox esriExtentType="native"><westBL Sync="TRUE">12116114.598938</westBL><eastBL Sync="TRUE">12162361.079935</eastBL><northBL Sync="TRUE">3519693.900978</northBL><southBL Sync="TRUE">3466340.799944</southBL><exTypeCode Sync="TRUE">1</exTypeCode></GeoBndBox></geoEle></dataExt><geoBox esriExtentType="decdegrees"><westBL Sync="TRUE">-76.336551</westBL><eastBL Sync="TRUE">-76.174112</eastBL><northBL Sync="TRUE">36.969418</northBL><southBL Sync="TRUE">36.819899</southBL><exTypeCode Sync="TRUE">1</exTypeCode></geoBox><dataExt><geoEle><GeoBndBox esriExtentType="search"><exTypeCode Sync="TRUE">1</exTypeCode><westBL Sync="TRUE">-76.333439</westBL><eastBL Sync="TRUE">-76.177482</eastBL><northBL Sync="TRUE">36.968652</northBL><southBL Sync="TRUE">36.822039</southBL></GeoBndBox></geoEle></dataExt></dataIdInfo><metainfo><langmeta Sync="TRUE">en</langmeta><metstdn Sync="TRUE">FGDC Content Standards for Digital Geospatial Metadata</metstdn><metstdv Sync="TRUE">FGDC-STD-001-1998</metstdv><mettc Sync="TRUE">local time</mettc><metc><cntinfo><cntorgp><cntper>REQUIRED: The person responsible for the metadata information.</cntper><cntorg>REQUIRED: The organization responsible for the metadata information.</cntorg></cntorgp><cntaddr><addrtype>REQUIRED: The mailing and/or physical address for the organization or individual.</addrtype><city>REQUIRED: The city of the address.</city><state>REQUIRED: The state or province of the address.</state><postal>REQUIRED: The ZIP or other postal code of the address.</postal></cntaddr><cntvoice>REQUIRED: The telephone number by which individuals can speak to the organization or individual.</cntvoice></cntinfo></metc><metd Sync="TRUE">20090727</metd></metainfo><mdLang><languageCode Sync="TRUE" value="eng"/><countryCode value="USA" Sync="TRUE"></countryCode></mdLang><mdStanName Sync="TRUE">ISO 19115 Geographic Information - Metadata</mdStanName><mdStanVer Sync="TRUE">DIS_ESRI1.0</mdStanVer><mdChar><CharSetCd Sync="TRUE" value="004"/></mdChar><mdHrLv><ScopeCd Sync="TRUE" value="005"/></mdHrLv><mdHrLvName Sync="TRUE">dataset</mdHrLvName><distinfo><resdesc>Downloadable Data is standard for all internal uses. External use is deliverable by cd or ftp:</resdesc><stdorder><digform><digtinfo><transize Sync="TRUE">40.680</transize><dssize Sync="TRUE">40.680</dssize></digtinfo></digform><fees>As prices vary per data set please see: http://gis.norfolk.gov/ for further information. Select purchase information from the menu.</fees><ordering>Contact the City of Norfolk, Department of Public Works, Division of Surveys 757-664-4671.</ordering><turnarnd>Varies</turnarnd></stdorder><distrib><cntinfo><cntorgp><cntorg>City of Norfolk</cntorg><cntper>GIS Team</cntper></cntorgp><cntvoice>757-664-4500</cntvoice><cntfax>757-664-4567</cntfax><cntemail>gis@norfolk.gov</cntemail><hours>Monday-Friday, 8am to 5pm</hours><cntinst>By phone or by e-mail</cntinst></cntinfo></distrib><distliab>The information is believed accurate and reasonable efforts have been made to ensure the accuracy of the data.  However, the City of Norfolk expressly disclaims responsibility for damages or liabilities that may arise from this data. This product is the property of the City of Norfolk and its use is thereby restricted.</distliab><custom>Please contact the City of Norfolk Public Works Department, Division of Surveys. 757-664-4671</custom></distinfo><spdoinfo><direct Sync="TRUE">Vector</direct><ptvctinf><esriterm Name="51710000400"><efeatyp Sync="TRUE">Simple</efeatyp><efeageom code="4" Sync="TRUE"></efeageom><esritopo Sync="TRUE">FALSE</esritopo><efeacnt Sync="TRUE">0</efeacnt><spindex Sync="TRUE">FALSE</spindex><linrefer Sync="TRUE">FALSE</linrefer></esriterm></ptvctinf></spdoinfo><spref><horizsys><cordsysn><geogcsn Sync="TRUE">GCS_North_American_1983</geogcsn><projcsn Sync="TRUE">NAD_1983_StatePlane_Virginia_South_FIPS_4502_Feet</projcsn></cordsysn><planar><planci><plance Sync="TRUE">coordinate pair</plance><plandu Sync="TRUE">survey feet</plandu><coordrep><absres Sync="TRUE">0.000079</absres><ordres Sync="TRUE">0.000079</ordres></coordrep></planci></planar><geodetic><horizdn Sync="TRUE">North American Datum of 1983</horizdn><ellips Sync="TRUE">Geodetic Reference System 80</ellips><semiaxis Sync="TRUE">6378137.000000</semiaxis><denflat Sync="TRUE">298.257222</denflat></geodetic></horizsys><vertdef><altsys><altenc Sync="TRUE">Explicit elevation coordinate included with horizontal coordinates</altenc><altres Sync="TRUE">1.000000</altres></altsys></vertdef></spref><refSysInfo><RefSystem><refSysID><identCode Sync="TRUE" code="3785">NAD_1983_StatePlane_Virginia_South_FIPS_4502_Feet</identCode><idCodeSpace Sync="TRUE">EPSG</idCodeSpace><idVersion Sync="TRUE">7.11.2</idVersion></refSysID></RefSystem></refSysInfo><spatRepInfo><VectSpatRep><geometObjs Name="51710000400"><geoObjTyp><GeoObjTypCd value="002" Sync="TRUE"></GeoObjTypCd></geoObjTyp><geoObjCnt Sync="TRUE">0</geoObjCnt></geometObjs><topLvl><TopoLevCd value="001" Sync="TRUE"></TopoLevCd></topLvl></VectSpatRep></spatRepInfo><eainfo><detailed Name="51710000400"><enttyp><enttypl Sync="TRUE">51710000400</enttypl><enttypt Sync="TRUE">Feature Class</enttypt><enttypc Sync="TRUE">0</enttypc></enttyp><attr><attrlabl Sync="TRUE">FID</attrlabl><attalias Sync="TRUE">FID</attalias><attrtype Sync="TRUE">OID</attrtype><attwidth Sync="TRUE">4</attwidth><atprecis Sync="TRUE">0</atprecis><attscale Sync="TRUE">0</attscale><attrdef Sync="TRUE">Internal feature number.</attrdef><attrdefs Sync="TRUE">Esri</attrdefs><attrdomv><udom Sync="TRUE">Sequential unique whole numbers that are automatically generated.</udom></attrdomv></attr><attr><attrlabl Sync="TRUE">Shape</attrlabl><attalias Sync="TRUE">Shape</attalias><attrtype Sync="TRUE">Geometry</attrtype><attwidth Sync="TRUE">0</attwidth><atprecis Sync="TRUE">0</atprecis><attscale Sync="TRUE">0</attscale><attrdef Sync="TRUE">Feature geometry.</attrdef><attrdefs Sync="TRUE">ESRI</attrdefs><attrdomv><udom Sync="TRUE">Coordinates defining the features.</udom></attrdomv></attr><attr><attrlabl Sync="TRUE">Shape_Leng</attrlabl><attalias Sync="TRUE">Shape_Leng</attalias><attrtype Sync="TRUE">Double</attrtype><attwidth Sync="TRUE">19</attwidth><atprecis Sync="TRUE">0</atprecis><attscale Sync="TRUE">0</attscale></attr><attr><attrlabl Sync="TRUE">STREET</attrlabl><attalias Sync="TRUE">street</attalias><attrtype Sync="TRUE">String</attrtype><attwidth Sync="TRUE">100</attwidth><atprecis Sync="TRUE">0</atprecis><attscale Sync="TRUE">0</attscale></attr><attr><attrlabl Sync="TRUE">Name</attrlabl><attalias Sync="TRUE">name</attalias><attrtype Sync="TRUE">String</attrtype><attwidth Sync="TRUE">250</attwidth><atprecis Sync="TRUE">0</atprecis><attscale Sync="TRUE">0</attscale></attr><attr><attrlabl Sync="TRUE">building</attrlabl><attalias Sync="TRUE">building</attalias><attrtype Sync="TRUE">String</attrtype><attwidth Sync="TRUE">50</attwidth><atprecis Sync="TRUE">0</atprecis><attscale Sync="TRUE">0</attscale></attr><attr><attrlabl Sync="TRUE">housenum</attrlabl><attalias Sync="TRUE">housenum</attalias><attrtype Sync="TRUE">String</attrtype><attwidth Sync="TRUE">50</attwidth><atprecis Sync="TRUE">0</atprecis><attscale Sync="TRUE">0</attscale></attr><attr><attrlabl Sync="TRUE">city</attrlabl><attalias Sync="TRUE">city</attalias><attrtype Sync="TRUE">String</attrtype><attwidth Sync="TRUE">50</attwidth><atprecis Sync="TRUE">0</atprecis><attscale Sync="TRUE">0</attscale></attr><attr><attrlabl Sync="TRUE">state</attrlabl><attalias Sync="TRUE">state</attalias><attrtype Sync="TRUE">String</attrtype><attwidth Sync="TRUE">50</attwidth><atprecis Sync="TRUE">0</atprecis><attscale Sync="TRUE">0</attscale></attr><attr><attrlabl Sync="TRUE">postcode</attrlabl><attalias Sync="TRUE">postcode</attalias><attrtype Sync="TRUE">String</attrtype><attwidth Sync="TRUE">50</attwidth><atprecis Sync="TRUE">0</atprecis><attscale Sync="TRUE">0</attscale></attr><attr><attrlabl Sync="TRUE">Shape_Area</attrlabl><attalias Sync="TRUE">Shape_Area</attalias><attrtype Sync="TRUE">Double</attrtype><attwidth Sync="TRUE">19</attwidth><atprecis Sync="TRUE">0</atprecis><attscale Sync="TRUE">0</attscale><attrdef Sync="TRUE">Area of feature in internal units squared.</attrdef><attrdefs Sync="TRUE">Esri</attrdefs><attrdomv><udom Sync="TRUE">Positive real numbers that are automatically generated.</udom></attrdomv></attr></detailed></eainfo><mdDateSt Sync="TRUE">20141114</mdDateSt></metadata>
